ID,NAME,LEVEL,SCORE,REVIEWS,RATINGS,PHOTOS,VIDEOS,ANSWERS,EDITS,PLACES,ROADS,FACTS,QnA,LISTS
600001,azam hamza,Level 5,1~275,86,33,45,0,40,3,1,0,1,0,0
600002,Dimas Prihadi,Level 6,1~689,49,46,147,0,274,3,4,0,2,5,0
600003,Udi Keidar,Level 7,6~857,255,19,722,4,266,1,1,0,4,5,1
600004,Charmi Lankeshwari,Level 5,1~085,29,73,73,1,210,0,0,0,1,1,0
600005,menaka Indunil,Level 4,268,11,16,14,0,48,0,0,0,0,1,0
600006,Amjad Nazeer,Level 5,728,31,11,49,0,78,0,0,0,8,2,0
600007,Viktoriia,Level 5,899,29,64,24,0,269,0,0,0,0,0,0
600008,Nuwair Nishaam,Level 4,479,32,5,15,0,6,0,0,0,0,1,0
600009,Kanchana Wijesinghe,Level 7,13~534,61,381,1868,4,1998,38,2,0,5,74,0
600010,VINOD LAKSHAN,Level 4,302,11,11,33,0,0,1,0,0,0,0,0
600011,Naomi Gunnels,Level 4,453,20,5,17,0,52,2,0,0,2,1,0
600012,Mike Richardson,Level 7,7~007,72,74,1186,0,48,1,1,0,0,3,1
600013,Michelle Y,Level 7,7~115,288,1,416,0,236,0,0,0,0,0,0
600014,Samith Wijenayake,Level 7,5~176,301,3,41,0,1652,1,0,0,0,0,0
600015,noelkhan1975,Level 6,1~888,48,81,26,7,608,76,0,0,17,4,0
600016,Travel Clicker,Level 6,1~775,113,20,95,0,7,1,1,0,0,0,0
600017,Natasha Rajakaruna,Level 4,371,11,16,0,0,234,0,0,0,0,0,0
600018,Liyanage~ Samitha,Level 5,859,60,38,2,0,131,0,0,0,1,3,0
600019,Ashok Udara,Level 4,496,16,8,1,0,302,1,0,0,0,0,0
600020,Chathurika Ratnasekera,Level 9,56~698,587,1,2326,6,4318,1849,8,0,19981,157,0
600021,Mark Ebert,Level 5,823,40,17,8,0,228,7,2,0,13,0,0
600022,Umar Saibukandu,Level 5,722,44,27,20,0,0,3,5,0,1,0,0
600023,Muditha Bandara,,682,,,30,0,204,0,2,6,0,0,0
600024,Nithakaran Rajalingam,Level 6,4~367,147,54,466,2,16,0,1,0,2,69,0
600025,Gayantha Samaradiwakara,Level 5,610,28,13,12,0,0,11,4,0,84,0,0
600026,Kasun Sameera,Level 6,1~508,34,63,65,0,580,3,5,0,23,1,0
600027,Natasha Rajapakse,Level 5,625,30,5,24,0,0,2,0,0,0,0,0
600028,Waruna Gamlath,Level 5,1~087,17,54,122,1,219,2,0,0,0,0,0
600029,S. Arabinth,Level 6,4~131,162,10,373,2,125,5,6,0,3,1,0
600030,K K,Level 6,3~986,177,138,347,1,0,8,0,0,39,0,0
600031,Afshan Ali,Level 6,1~821,119,4,6,0,331,24,1,0,0,4,0
600032,Nimali Jayamanne,Level 5,668,60,8,0,0,0,0,0,0,0,0,0
600033,,Level 4,371,18,22,9,0,92,1,0,0,3,1,0
600034,Lorenzo V.,Level 6,4~854,214,21,90,1,1721,24,5,4,9,1,0
600035,Shahan Pieris,,1~860,57,15,162,0,334,3,1,0,2,0,0
600036,Anura Wijesundara,Level 7,6~184,293,80,69,9,1677,39,9,0,113,14,1
600037,Sahan Perera,Level 5,606,37,17,0,0,0,29,2,0,7,0,0
600038,Shani Ranasinghe,Level 4,384,34,4,0,0,0,0,0,0,0,2,0
600039,Samindhi Unamboowe,Level 5,617,41,50,1,0,65,0,0,0,26,0,0
600040,peter bluck,,10~731,326,43,663,0,2820,44,2,0,9,9,0
600041,Abdullah Ahamed,Level 6,4~042,79,2,261,8,947,7,0,0,127,10,1
600042,sanoon Mohamed,Level 6,2~412,45,2,118,4,1293,0,0,0,1,1,0
600043,Nak Mps,Level 5,1~322,36,19,0,0,837,8,2,0,0,0,0
600044,Chanaka Perera,Level 7,5~517,411,25,73,1,488,0,0,0,0,37,0
600045,Magdal na Jochcov ,Level 4,470,30,21,6,0,59,0,0,0,0,0,0
600046,Max Grev,Level 4,361,20,18,20,0,13,0,0,0,0,0,0
600047,Shaheem Shukry,Level 7,12~621,490,11,518,2,1735,242,31,0,112,81,0
600048,Chitrang Apshankar,Level 7,7~174,150,131,353,1,2163,1,0,0,5,33,0
600049,Raajkumar .Thangarajah,Level 8,19~320,804,7,379,9,6692,119,22,0,449,110,0
600050,Veranga Dias Wickramanayaka Karunarathna,Level 7,7~388,121,12,330,2,1604,373,13,1,340,10,0
600051,Muaz Usman,Level 7,10~685,397,5,510,3,1957,169,29,0,214,24,0
600052,Rifqi,Level 7,10~007,234,40,581,7,3281,45,20,1,77,10,0
600053,Nidhya Logeswaran,Level 5,1~358,31,7,73,0,399,0,0,0,0,2,0
600054,bassith mahmood,Level 6,4~756,121,10,474,0,380,4,17,0,28,3,0
600055,Hunters Photography,,2~626,,,,,46,0,3,0,0,0,0
600056,Navin Perera,Level 8,21~370,169,166,3216,6,1435,11,10,0,23,88,0
600057,Nalaka Wickramasingha Senanayake,Level 7,10~118,250,13,651,41,3477,6,7,0,165,10,0
600058,Gaya,Level 5,879,63,3,10,1,41,0,1,0,0,0,0
600059,D.A.Lasantha Fernando,Level 8,22~738,875,18,1837,11,741,124,84,15,936,4,0
600060,omindu shehan,Level 6,1~771,25,243,123,3,367,10,2,1,24,8,0
600061,Himanshu Agarwal,Level 5,787,32,25,71,2,0,0,0,0,2,1,0
600062,Isuru Uvanpriya,Level 4,329,5,1,12,0,129,5,1,0,0,0,0
600063,Lee Asavavatana,Level 6,3~731,171,14,50,4,1360,6,1,0,0,11,0
600064,Don buddika,Level 5,1~227,33,43,29,0,644,0,1,0,1,2,0
600065,Nicolas Charnay,Level 7,6~757,240,4,409,0,243,215,32,0,181,6,0
600066,Faza Fazy,Level 8,19~071,234,34,3075,70,401,0,0,0,2,40,0
600067,Charlie Scalliet,Level 8,26~428,623,3,1408,7,10797,14,7,0,11,370,1
600068,Jason Wijesuriya,Level 5,947,27,8,41,0,359,4,2,0,6,4,0
600069,Dillip Kumar Nanda,Level 5,532,31,141,10,0,0,0,0,0,0,0,0
600070,Lalinda Dias,Level 7,5~648,137,12,201,2,2389,2,4,0,2,3,0
600071,Chalith Peiris,Level 8,35~214,399,90,3995,28,5071,219,94,12,654,203,1
600072,ibrahim shareef,Level 7,13~398,182,134,884,9,1462,715,73,8,134,15,0
600073,mahesh sudheera,Level 4,259,6,5,13,0,90,0,2,0,0,1,0
600074,Derek Matthew Auxier Black,Level 6,2~390,73,62,47,0,277,0,0,0,0,1,1
600075,                ,Level 7,7~745,281,19,681,1,1134,11,0,0,1,0,0
600076,Wuz Good,Level 6,2~201,172,6,52,2,29,0,0,0,0,0,0
600077,yathev bala,Level 7,6~474,232,41,575,9,0,7,12,0,18,0,0
600078,Saajidh Borham,Level 4,460,15,29,25,0,141,0,0,0,0,0,0
600079,Halyna Romanenko,Level 6,2~745,13,153,394,30,201,1,2,0,0,0,0
600080,Jeewaka Hettige,Level 4,430,4,38,11,0,265,2,1,0,0,1,0
600081,hadi hussain,Level 7,7~376,69,17,1052,0,848,3,5,0,0,4,0
600082,Mohamed Afsal,Level 4,295,6,14,6,0,185,0,0,0,0,0,0
600083,Wuz Good,Level 6,2~201,172,6,52,2,29,0,0,0,0,0,0
600084,Abdullah Jamaal,Level 5,1~440,25,61,112,3,475,0,1,0,33,0,0
600085,Mr. Ahmed Sharaah,Level 7,5~054,139,38,391,2,681,51,9,0,110,53,0
600086,Ismail Shifau,Level 6,1~864,20,45,199,8,348,24,3,0,16,3,0
600087,mohamed naveel,Level 5,983,14,6,130,1,91,4,3,0,7,1,0
600088,Ahmed Rasheed,Level 4,388,6,69,50,0,0,0,0,0,0,0,0
600089,Ina Malik,Level 5,1~056,38,5,116,0,30,0,0,0,13,0,0
600090,Ahid Rasheed,Level 5,1~243,42,9,65,0,389,1,2,0,23,0,0
600091,Charlotte Faye,Level 4,254,14,0,10,0,10,0,0,0,0,0,0
600092,Ashan Pathirana,Level 6,3~469,120,6,231,6,539,9,19,2,3,8,0
600093,Ruwan Dias,Level 7,7~733,137,66,1083,3,406,3,1,0,164,3,0
600094,Sumith Atapattu,Level 6,1~687,55,20,187,4,39,0,2,0,0,10,0
600095,Heyy World,Level 5,529,25,2,17,0,138,0,0,0,17,0,0
600096,Vishwa Aluthge,Level 8,19~363,240,402,2086,8,3664,44,8,0,195,61,1
600097,May H ggstr m,Level 6,4~142,70,52,409,0,1108,0,0,0,1,2,0
600098,Rohana Amarakoon,Level 7,12~671,532,11,362,0,1916,276,1,0,1329,6,0
600099,Priyal fernando,Level 6,2~136,106,94,1,0,871,0,0,0,0,0,0
600100,Tharinda Hettiarachchi,Level 7,6~911,203,53,696,1,770,13,3,0,20,12,0
600101,Kothalawala Dulana Saman,Level 6,2~866,171,115,112,0,139,6,2,0,14,18,0
600102,Ish Ash,Level 4,423,16,5,2,0,219,2,0,0,0,1,0
600103,meera Rajagopal,Level 6,1~531,55,5,99,0,367,0,0,0,0,12,0
600104,vinuchithra chithrasena,Level 5,921,52,35,14,0,126,2,0,0,12,2,0
600105,Noel shamith,Level 6,2~189,58,68,222,9,251,1,0,2,0,3,0
600106,Mewantha Wijerathne,Level 6,3~931,169,81,281,19,113,9,1,0,8,14,0
600107,Mohamed Mafaz,Level 5,874,28,8,19,0,443,1,0,0,2,1,0
600108,Yusry Al Ayad,Level 6,3~902,187,13,3,0,1546,10,0,0,10,67,0
600109,,,690,34,61,38,7,0,0,0,0,1,1,0
600110,Fahadh Nazir,Level 6,2~447,39,127,117,0,1032,25,4,0,45,1,0
600111,kind_companion Rikaz,Level 5,1~267,48,64,19,0,437,7,4,0,17,6,0
600112,Dinuka Desilva,,6~674,67,8,706,37,991,76,4,0,134,8,0
600113,Authentic Indian Kitchen,Level 4,313,17,8,7,0,83,0,0,0,0,0,0
600114,Rebecca Peiris,Level 5,979,36,151,41,0,140,0,0,0,69,6,0
600115,Mohamed Afzal,Level 4,339,10,12,16,0,7,5,7,0,0,0,0
600116,Mahinthan Velananth,Level 5,604,48,11,10,0,0,1,0,0,0,0,0
600117,L. L.,Level 6,4~827,114,30,148,0,1746,83,3,0,41,10,0
600118,Joel C.,Level 6,4~782,296,16,73,0,967,1,0,0,164,3,0
600119,Damitha Nalin,Level 6,1~909,68,15,131,0,373,9,0,0,0,0,0
600120,JR Solutions,Level 5,636,44,89,3,0,23,0,1,0,1,3,0
600121,Omega Ishendra,Level 4,367,24,2,0,0,101,0,0,0,0,0,0
600122,Muditha Pilapitiya,Level 6,1~601,143,6,1,0,8,0,0,0,3,2,0
600123,Sujitha Ramanathan,Level 7,6~274,147,33,872,4,10,2,1,0,1,0,0
600124,Khn Rzk,Level 6,2~747,62,10,124,4,811,37,15,0,73,17,0
600125,Himesh Fernando,Level 6,1~628,14,66,148,0,649,0,1,0,4,0,0
600126,Dushan Jayasinghe,Level 5,960,57,22,15,0,178,1,2,0,0,1,0
600127,,,2~271,,66,54,0,1078,53,0,0,39,0,0
600128,Anjana Rangashan,Level 7,5~110,173,43,243,5,942,48,16,0,135,36,0
600129,Damish Samarajeewa,Level 4,379,32,7,1,0,0,0,1,0,0,0,0
600130,Kasuni Silva,Level 4,261,21,0,0,0,0,0,0,0,0,0,0
600131,Gayan Chinthaka Dharmarathna,Level 6,1~793,9,107,182,0,413,13,13,0,4,0,0
600132,     ,Level 6,3~536,75,3,495,0,80,0,0,0,0,1,0
600133,hasith gunawardene,Level 7,9~551,69,173,1165,46,1411,147,2,0,122,9,0
600134,Rifhaanrbk,Level 7,12~944,203,43,1321,79,1120,77,42,4,140,58,0
600135,                              ,Level 5,1~154,29,12,4,0,693,19,0,0,0,5,0
600136,Madhu Rathnayaka,Level 4,444,18,36,23,4,52,0,1,0,0,0,0
600137,Chanaka Wijeyesinghe,Level 6,2~518,114,1,81,0,721,4,7,0,0,4,0
600138,ruchira perera,Level 5,1~095,60,58,13,0,294,0,0,0,0,6,0
600139,Priyantha Fernando,Level 4,376,22,0,17,0,34,0,1,0,0,0,0
600140,Vidushan Sameera Thissakumara,Level 6,1~557,52,14,158,2,105,0,0,0,0,1,0
600141,Mahdi Nawsath,Level 4,401,30,5,0,0,0,12,0,0,0,2,0
600142,Lakshith Mahagamage,Level 7,7~401,136,13,906,7,766,13,6,0,6,8,0
600143,Jayandra Seneviratne,Level 5,1~393,116,20,6,0,10,0,1,0,0,4,0
600144,Madura Wijeratne,Level 5,656,20,33,19,0,278,3,0,0,5,0,0
600145,Centrum Travels & Tours,Level 6,2~164,40,121,249,0,284,1,3,0,0,7,0
600146,Sayod Lakshan,Level 4,338,19,44,7,0,29,0,0,0,18,1,0
600147,Didulanka Isuru,Level 6,3~692,57,16,388,4,0,17,1,0,786,4,0
600148,Muditha Katuwawala,Level 7,9~180,437,5,67,0,3449,6,6,0,3,15,0
600149,Samitha Wijesundera,Level 5,712,22,21,4,0,96,37,3,0,13,0,0
600150,Shiraz Rahim,Level 5,679,18,0,69,0,56,4,1,1,0,0,0
600151,Mohamed Nushan,Level 4,378,27,1,3,0,3,1,0,0,14,1,0
600152,Chathura Liyanage,Level 5,524,13,13,0,0,367,0,0,0,1,0,0
600153,Arshad Saeed,Level 5,580,27,116,4,0,132,0,0,0,0,5,0
600154,Milindu Sanoj Kumarage,Level 7,10~834,185,67,918,27,3115,31,33,0,45,2,1
600155,Rahman,Level 4,429,19,2,0,0,218,0,0,0,0,0,0
600156,Baasith Fazil,Level 6,2~439,33,110,114,2,388,124,14,0,57,16,0
600157,janaka wasantha bandara,Level 7,5~792,221,23,371,5,1014,18,16,0,101,1,0
600158,Rushan Careem,Level 5,603,32,4,6,0,173,0,0,0,1,0,0
600159,Indika Wijesooriya,Level 6,3~099,108,36,204,0,614,7,4,0,3,3,0
600160,Dilendra Ratnayake,Level 6,2~608,132,38,164,3,71,0,0,0,0,40,0
600161,Kasun Siriwardena,Level 7,10~251,154,206,636,15,3557,129,16,0,162,11,0
600162,Waruna Gamlath,Level 5,1~087,17,54,122,1,219,2,0,0,0,0,0
600163,Dinesh Sharma,Level 5,695,32,12,40,0,91,0,0,0,0,0,0
600164,Mike Walton,Level 6,3~478,229,9,0,0,939,1,0,0,0,2,0
600165,Colin Campbell-Cooper,Level 6,2~571,177,1,114,0,1,0,0,0,0,13,0
600166,Stephanie Wheaton,Level 6,2~696,93,8,130,1,723,1,0,0,2,3,3
600167,Dilmini Perera,Level 4,273,20,3,0,0,0,0,0,0,0,0,0
600168,Mark Carey,Level 4,299,11,26,0,0,107,1,0,0,0,0,0
600169,Tharaka Samaraweera,Level 4,364,20,5,18,1,27,0,0,0,0,5,0
600170,harsha senanayake,Level 7,8~523,40,84,1158,34,86,3,114,0,0,0,0
600171,Roshan Fernando,Level 7,7~053,419,29,113,0,1300,13,2,0,0,133,0
600172,Hari Prasath,Level 4,440,38,13,0,0,9,0,0,0,0,0,0
600173,Dinithra Dissanayake,Level 5,1~117,47,14,36,0,339,0,0,0,13,6,0
600174,PIXLMIN,Level 5,945,37,27,44,3,180,11,0,0,1,6,0
600175,Suneth Nadeeshan,Level 6,2~279,46,14,5,0,390,193,1,0,215,3,0
600176,Yoonus Hussain,Level 6,3~293,133,0,203,0,547,3,3,0,5,11,0
600177,SSD S,Level 5,1~034,83,5,13,0,11,0,0,0,0,0,0
600178,I'm a cheater,Level 6,1~906,38,5,174,1,286,14,16,0,0,0,0
600179,Tharaka Samaraweera,Level 4,364,20,5,18,1,27,0,0,0,0,5,0
600180,harsha senanayake,Level 7,8~523,40,84,1158,34,86,3,114,0,0,0,0
600181,Roshan Fernando,Level 7,7~053,419,29,113,0,1300,13,2,0,0,133,0
600182,Hari Prasath,Level 4,440,38,13,0,0,9,0,0,0,0,0,0
600183,Dinithra Dissanayake,Level 5,1~117,47,14,36,0,339,0,0,0,13,6,0
600184,PIXLMIN,Level 5,945,37,27,44,3,180,11,0,0,1,6,0
600185,Suneth Nadeeshan,Level 6,2~279,46,14,5,0,390,193,1,0,215,3,0
600186,Yoonus Hussain,Level 6,3~293,133,0,203,0,547,3,3,0,5,11,0
600187,SSD S,Level 5,1~034,83,5,13,0,11,0,0,0,0,0,0
600188,I'm a cheater,Level 6,1~906,38,5,174,1,286,14,16,0,0,0,0
600189,clinton christy,Level 5,1~063,28,2,63,0,344,8,3,0,0,3,0
600190,Gaya,Level 5,879,63,3,10,1,41,0,1,0,0,0,0
600191,Nadun Hemachandra,Level 6,1~844,102,57,111,0,89,0,1,0,0,2,0
600192,Nuwan Jayathilaka,Level 6,2~741,92,8,214,3,38,0,0,1,1,10,0
600193,Dumidu kasun Rajakaruna,Level 6,2~304,84,117,106,1,600,8,5,0,5,2,0
600194,mihitha kumara,Level 5,961,23,21,123,0,60,0,0,0,0,4,0
600195,Kanishka Dananjaya,Level 6,3~806,99,91,203,0,1036,41,11,0,152,10,0
600196,mufaddal huzaifa,Level 6,4~208,187,30,182,0,726,3,1,0,2,47,0
600197,Chirantha Liyanapathirana,Level 8,20~636,362,120,1471,8,39,52,561,0,182,9,0
600198,Himashiyan Gayanjana,Level 5,1~147,38,5,107,1,3,0,1,0,74,0,0
600199,Kavikeshara Wickramasinghe,Level 5,511,39,36,0,0,36,0,0,0,0,0,0
600200,Niwantha Chinthana,Level 5,808,36,136,2,0,196,11,1,0,0,0,0
600201,KanIshka Peiris,Level 6,3~173,38,81,40,0,2406,1,0,0,3,19,0
600202,Dinidu Jayalath,Level 5,756,41,8,8,1,70,11,6,0,0,2,0
600203,wishwa madushanka,Level 5,551,23,11,44,0,49,0,0,0,0,6,0
600204,Mohan Mendis,Level 7,11~954,138,176,2020,0,73,2,0,0,3,16,0
600205,Meshaun,Level 6,3~923,55,10,609,0,148,7,3,1,17,1,0
600206,Navin Perera,Level 8,21~370,169,166,3216,6,1435,11,10,0,23,88,0
600207,Thusara Manujaya,Level 6,2~035,83,175,55,3,527,0,1,1,37,16,0
600208,Shawn Shiek,Level 6,1~924,81,74,10,0,719,2,1,0,0,5,0
600209,himaya,Level 5,709,44,16,0,0,39,0,0,0,0,0,0
600210,Rifak Ahmed,Level 6,3~575,139,69,196,0,927,0,0,0,0,11,0
600211,Shahir Razick,Level 5,506,8,7,38,0,174,5,0,0,12,0,0
600212,Shaeed Yoonus,Level 5,1~381,47,18,57,0,237,10,13,5,1,1,0
600213,Mushfiq Ruzaik,Level 5,1~181,27,15,16,0,726,3,2,0,0,6,0
600214,Adeesha Perera,Level 5,512,27,13,19,0,106,0,0,0,1,0,0
600215,Fr Hassan,Level 6,2~043,73,5,22,2,992,5,0,0,31,11,0
600216,Faizur Farook,Level 4,325,20,5,10,0,17,0,0,0,0,1,0
600217,Abirami Velsivananthan,Level 4,362,10,8,25,0,112,0,0,0,4,1,0
600218,mo naz,Level 5,675,24,10,11,1,334,1,0,0,0,0,0
600219,Michelle Collonne,Level 4,274,15,5,15,0,5,1,0,0,0,3,0
600220,Arshad Saeed,Level 5,580,27,116,4,0,132,0,0,0,0,5,0
600221,Max Yohan,Level 5,1~392,51,227,12,0,369,6,4,0,11,17,0
600222,Kaveen Bandara,Level 6,2~805,59,18,122,0,900,50,17,0,80,0,0
600223,thakshila de silva,Level 4,360,23,4,14,0,2,0,0,0,1,0,0
600224,Nifal Nizar,Level 7,6~457,120,71,821,22,266,12,7,1,7,11,0
600225,Rizan Buhary,Level 6,3~140,76,34,428,2,14,3,5,0,12,0,0
600226,WASIM AKRAM SIDDEEK,Level 5,906,25,32,92,0,69,5,3,0,0,0,0
600227,Pasan Henadeera,Level 4,296,9,145,0,0,47,1,0,0,0,0,0
600228,Dinitha Lakmina Wickramasinghe.,Level 5,1~151,52,2,10,0,135,55,2,0,39,16,0
600229,Kavidu Jayalath,Level 6,1~539,67,13,111,2,17,1,7,4,4,0,0
600230,SLLRDC Environment,Level 6,2~018,117,18,31,0,547,1,0,0,0,2,0
600231,Ashoka Jayasundara,Level 7,6~794,451,74,72,0,1279,1,0,0,1,38,0
600232,Sanjaya Thalpavila,Level 5,802,23,49,23,0,365,1,1,0,0,0,0
600233,HBSS Karunarathna,Level 4,380,34,6,0,0,0,0,0,0,0,0,0
600234,Menaka Sanjeewa,Level 5,596,26,3,30,0,127,0,2,0,0,0,0
600235,Pubudu Tippalagama,Level 5,586,26,2,24,0,34,0,2,0,1,1,0
600236,Madushan Amarasinghe,Level 6,2~046,29,117,138,1,752,2,1,0,26,5,0
600237,Dulitha chiran,,429,5,21,29,0,157,0,2,0,0,1,0
600238,Dinusha Pathirana,Level 4,294,3,23,1,0,172,8,0,0,21,0,0
600239,Pasindu Lakshan,Level 6,2~311,139,17,139,0,0,0,0,0,0,0,0
600240,Mohinudeen Bin Mohammad,Level 4,305,24,16,0,0,22,0,0,0,0,1,0
600241,Chanaka Weragoda,Level 6,1~827,65,27,104,0,460,7,4,0,1,3,0
600242,Mohammed Rifaideen,Level 4,327,14,1,5,0,27,10,4,0,0,0,0
600243,Mohamed Naleem,Level 6,3~580,154,52,13,0,998,124,0,0,122,3,0
600244,Zameer Hussain Padmi,Level 6,3~036,89,57,310,8,310,3,2,0,0,8,0
600245,Rameez Basheer,Level 4,341,6,4,11,0,63,12,6,0,3,0,0
600246,Terry Ringleader,Level 5,660,47,4,10,0,54,2,1,0,0,0,0
600247,Ruwangika Gunawardana,Level 6,1~923,7,97,44,0,1338,10,5,0,25,2,0
600248,Thisaru Guruge,Level 6,1~854,62,25,115,0,159,12,2,0,93,0,0
600249,Kavish Ranasinghe,,306,14,5,9,0,102,0,0,0,0,0,0
600250,Sayod Lakshan,Level 4,338,19,44,7,0,29,0,0,0,18,1,0
600251,Didulanka Isuru,Level 6,3~692,57,16,388,4,0,17,1,0,786,4,0
600252,Muditha Katuwawala,,,437,5,67,0,3449,6,6,0,3,15,0
600253,Samitha Wijesundera,Level 5,712,22,21,4,0,96,37,3,0,13,0,0
600254,Shiraz Rahim,Level 5,679,18,0,69,0,56,4,1,1,0,0,0
600255,,Level 4,378,27,1,3,0,3,1,0,0,14,1,0
600256,Chathura Liyanage,Level 5,524,13,13,0,0,367,0,0,0,1,0,0
600257,Arshad Saeed,Level 5,580,27,116,4,0,132,0,0,0,0,5,0
600258,Milindu Sanoj Kumarage,Level 7,10~834,185,67,918,27,3115,31,33,0,45,2,1
600259,Rahman,Level 4,429,19,2,0,0,218,0,0,0,0,0,0
600260,Jonathan Indraruban,Level 4,446,9,29,20,1,193,1,0,0,1,0,0
600261,SSD S,Level 5,1~034,83,5,13,0,11,0,0,0,0,0,0
600262,Ayesha Rishad,Level 4,368,20,25,0,0,53,0,0,0,0,0,0
600263,Michael Lu,Level 5,1~181,60,40,1,0,325,4,1,0,1,5,0
600264,Thivantha Harischandra,Level 10,550~113,6193,2397,35429,7185,150500,1261,1873,8,50121,194,18
600265,Shehan Tharaka,Level 5,1~201,43,2,57,13,255,0,2,0,5,0,0
600266,Aj Hd,Level 4,361,18,7,1,0,136,1,0,0,0,0,0
600267,intikhab salih,Level 6,1~522,58,7,39,1,493,16,1,0,29,5,0
600268,Kavindu Senevirathne,Level 5,1~412,7,107,230,0,22,1,3,0,0,0,0
600269,Praveen De Silva,Level 7,5~981,168,13,400,0,820,53,5,0,26,6,0
600270,Naweeth Marikkar,Level 5,1~462,70,13,43,1,69,7,6,0,143,0,0
600271,M M G B M Rashad                ,Level 6,2~227,113,7,37,0,768,2,0,0,5,3,0
600272,mohamed shamil,Level 4,308,16,3,0,0,99,0,2,0,0,0,0
600273,Durga Sachithra,Level 4,275,21,4,6,0,0,0,0,0,0,0,0
600274,Tharindu Wickremasinghe,Level 6,4~613,127,45,443,0,450,0,0,0,32,7,0
600275,Kasun Silva,,37~881,237,13,5253,211,2418,482,71,5,187,14,4
600276,AK Karthikeyan,Level 8,46~518,350,2,7541,203,37,312,29,0,383,119,0
600277,Raman Singh,Level 7,13~277,94,81,2156,37,363,3,3,0,1,20,0
600278,Chirantha Liyanapathirana,Level 8,20~636,362,120,1471,8,39,52,561,0,182,9,0
600279,Kids Peak,Level 6,4~751,54,8,675,54,244,4,8,0,0,4,0
600280,Chirantha Liyanapathirana,Level 8,20~636,362,120,1471,8,39,52,561,0,182,9,0
600281,Raman Singh,Level 7,13~277,94,81,2156,37,363,3,3,0,1,20,0
600282,Kids Peak,Level 6,4~751,54,8,675,54,244,4,8,0,0,4,0
600283,Nanshad Daruwalla,Level 6,2~422,146,68,101,0,125,2,1,0,6,17,0
600284,Janitha Jayewardene,Level 5,555,23,27,5,0,179,0,0,0,1,0,0
600285,D.A.Lasantha Fernando,Level 8,22~738,875,18,1837,11,741,124,84,15,936,4,0
600286,Jaswinder Singh Bajaj,Level 6,2~325,60,67,15,0,1486,3,0,0,0,4,0
600287,Carlo Muriyon,Level 7,9~974,174,77,268,0,0,628,37,0,2567,5,0
600288,stef decenciere,Level 5,1~027,32,29,48,1,342,1,2,0,2,0,0
600289,Kalani Pananwala,Level 6,1~694,39,36,195,0,84,8,4,0,0,0,0
600290,Janet van Aswegen,Level 7,5~780,214,2,476,0,164,0,0,0,0,0,0
600291,Ramindu Liyanage,Level 6,3~065,43,13,136,0,973,24,39,0,50,6,0
600292,Janitha Jayewardene,Level 5,555,23,27,5,0,179,0,0,0,1,0,0
600293,Kalani Pananwala,Level 6,1~694,39,36,195,0,84,8,4,0,0,0,0
600294,Pure Satori Networks,Level 5,1~081,48,10,23,0,93,0,0,0,0,0,11
600295,Azar Azmie,,486,8,23,31,0,192,2,1,0,0,1,0
600296,Mohammed Imran,Level 5,791,66,1,2,0,5,5,1,0,0,2,0
600297,Shaheem Shukry,Level 7,12~621,490,11,518,2,1735,242,31,0,112,81,0
600298,Jewel Craft,Level 5,768,66,27,0,0,0,1,0,0,0,0,0
600299,Rithik,Level 6,4~064,174,1,25,0,1027,156,1,0,181,4,0
600300,Tharusha Lekamge,Level 5,1~090,42,6,43,0,190,13,2,0,9,0,0
600301,Eranga Tennakoon,Level 8,18~850,721,2,974,2,1296,52,23,1,48,3,8
600302,Indika Kulatunge,Level 5,569,33,27,7,0,82,1,2,0,1,1,0
600303,Alice Hsu,Level 7,12~260,441,8,1405,5,111,3,7,0,0,0,0
600304,Ishan Zahir,Level 5,1~192,67,1,18,2,300,1,0,0,0,14,0
600305,Mewantha Wijerathne,Level 6,3~931,169,81,281,19,113,9,1,0,8,14,0
600306,Vachintha Piyadasa,Level 8,39~040,1115,7,2228,4,7216,190,39,0,109,124,0
600307,Nivanka Shiromal,Level 6,2~104,60,25,96,0,804,4,0,0,1,8,0
600308,Meshari Alwahbi,Level 6,2~234,170,18,23,0,189,0,2,0,0,4,0
600309,Sumedha Samarappuli,Level 7,5~056,112,51,629,1,509,3,3,0,16,7,0
600310,Ruzaiq Fahim,Level 6,3~156,218,1,3,0,338,56,4,0,35,3,0
600311,Nifal Nizar,Level 7,6~457,120,71,821,22,266,12,7,1,7,11,0
600312,Dineth Sewwanda,Level 5,769,39,17,0,0,290,1,1,0,13,0,0
600313,Thoha Shafiu,Level 5,601,1,16,41,0,129,34,2,0,40,0,0
600314,NADISHKA,Level 5,1~273,51,85,53,0,238,10,2,0,38,2,0
600315,Thala Rajeek,Level 4,357,22,1,9,0,35,0,2,0,1,1,0
600316,Malithi Perera,Level 4,309,11,1,26,1,0,0,0,0,0,0,0
600317,Ishan Jayawardena,Level 6,1~970,41,10,166,0,455,6,0,0,126,5,0
600318,Abdul Hafeel,Level 5,759,45,11,15,0,157,0,0,0,1,0,0
600319,Holden McGroin,Level 6,2~654,9,156,415,5,145,1,4,0,0,4,0
600320,Chanaka Lakmal,Level 6,3~347,78,68,234,1,1129,7,1,0,16,2,0
600321,Zaidh Ishan,Level 4,281,5,5,11,0,23,9,4,0,32,0,0
600322,Kosala Liyanage,Level 7,11~194,103,71,1140,0,2755,120,3,0,112,3,0
600323,Shannon Fernando,Level 5,1~081,38,9,69,1,105,6,1,0,0,4,0
600324,viraj perera,Level 5,675,15,29,71,2,59,4,2,0,0,1,0
600325,Eshan Manusanka,Level 5,1~011,34,10,82,0,128,4,4,0,0,2,0
600326,Ashfak Ifhan,Level 5,1~079,71,38,11,0,106,0,0,2,0,3,0
600327,Imeshi Weerasinghe,Level 5,1~428,90,28,66,0,0,0,0,0,0,0,0
600328,AMI Montessori House of Children,Level 5,749,56,1,0,1,81,1,2,0,0,3,0
600329,Murthala Shafiul,Level 4,348,24,1,5,0,58,0,0,0,0,0,0
600330,Tharanga iTd,Level 7,10~374,150,441,248,3,4231,223,80,2,327,0,1
600331,Lemuel Elangovan,Level 6,1~961,86,35,170,2,23,0,0,0,0,30,0
600332,Software Engineer,Level 6,1~599,25,2,232,0,2,0,1,0,5,0,0
600333,Chanaka Gunasekera,Level 5,1~307,41,32,11,0,621,2,5,2,0,1,0
600334,Sivagajan Arudchelvam,Level 5,876,63,3,18,0,0,0,2,0,0,0,0
600335,danuja kaluarachchi,Level 5,507,32,1,5,0,82,0,0,0,32,5,0
600336,Aroshan Indujeeva,Level 5,894,29,128,6,1,316,0,0,0,0,18,0
600337,ilham fareed,Level 5,1~370,68,77,49,0,264,0,0,1,2,2,0
600338,Ahlan M,Level 5,624,27,80,7,0,106,5,5,0,0,0,0
600339,chirastha caldera,Level 4,260,17,10,0,0,0,0,0,0,63,0,0
600340,Harendra Nanayakkara,Level 4,269,4,13,28,1,41,0,0,0,0,8,0
600341,Ashane Gunathilake,Level 6,2~062,96,31,117,0,246,5,1,0,13,7,0
600342,Suresh Siriwardana,Level 6,3~379,63,5,357,0,789,0,2,0,0,9,0
600343,Ryan Ridley Cramer,Level 5,552,32,11,8,0,116,0,0,0,0,1,0
600344,Madhushi Kavindya,Level 4,374,16,37,10,0,66,0,2,0,0,2,0
600345,Malith Kavinda,Level 6,2~023,86,43,34,0,356,94,0,0,32,2,0
600346,Teshan Senaratne,Level 5,696,30,102,45,0,30,0,0,0,0,3,0
600347,Madhura Jayakody,Level 6,4~160,50,10,380,8,1512,5,4,0,3,8,0
600348,VISITHA RUKSHAN,Level 5,538,23,19,37,0,41,2,2,0,0,0,0
600349,Vimukthi Mayadunne,Level 6,4~484,131,10,262,0,1135,70,2,0,113,0,0
600350,umanga anuradha,,2~317,,,165,2,503,27,5,0,50,0,0
600351,Life Vlog,Level 6,1~861,94,21,104,0,10,5,9,0,21,0,0
600352,Abdul Malik,Level 4,251,8,4,0,0,159,0,0,0,0,0,0
600353,nafeez nusri,Level 4,499,43,1,4,0,5,0,0,0,0,0,0
600354,Mayuran Gunalasingam,Level 6,2~338,109,77,119,1,36,24,10,2,35,10,0
600355,mohamed shamil,Level 4,308,16,3,0,0,99,0,2,0,0,0,0
600356,Mithun Dilantha Deva-Adithiya,Level 5,827,26,185,5,0,304,1,0,0,10,3,0
600357,balasuriya krishantha gayan,Level 6,4~953,134,42,307,3,1876,1,0,0,0,0,0
600358,Ishar Fernando,Level 6,4~057,106,8,400,5,274,2,1,0,0,8,0
600359,Shavindra Fernando,Level 7,9~380,233,24,849,0,1629,32,4,0,82,119,0
600360,Hasitha Wijesooriya,Level 6,1~648,64,75,99,0,264,1,4,0,0,5,0
600361,Isuru Weeraratna,Level 7,7~128,175,27,261,0,3183,26,0,0,80,75,2
600362,Aniz Mustafa,Level 4,478,18,7,2,0,184,0,0,0,0,3,0
600363,Mohamed Irshad,Level 6,2~019,74,64,121,5,347,6,6,1,0,1,0
600364,Imaam Hussain,Level 5,1~121,61,5,15,6,300,0,0,0,1,9,0
600365,tharindu weerarathne,Level 6,2~552,135,2,116,0,279,15,1,0,35,7,0
600366,sashintha eshan,Level 7,5~077,48,4,838,3,121,1,1,0,0,1,0
600367,Ahmed Affiq,Level 4,423,31,24,2,0,0,0,1,0,23,0,0
600368,Shakeer Roxz,Level 5,754,41,6,19,1,134,3,0,0,4,13,0
600369,,Level 5,1~267,48,64,19,0,437,7,4,0,17,6,0
600370,ravi shankar,Level 7,6~073,195,47,649,4,518,0,0,0,0,25,0
600371,Dimitri Ramaneshwara,Level 5,944,12,59,78,9,246,2,1,0,4,5,0
600372,thusitha priyangana,Level 7,9~450,154,74,1016,1,1802,59,25,0,93,0,0
600373,Udaya Kumara,Level 5,830,60,49,4,0,95,0,0,0,0,2,0
600374,Barbara Oliveira,Level 6,1~982,97,3,95,0,2,1,2,0,0,0,0
600375,Girinarayanan v,Level 6,2~632,156,68,41,1,552,0,1,0,0,23,0
600376,Thanunjeyan Yohenthiran,Level 5,602,52,0,0,0,0,0,0,0,0,0,0
600377,amila chathuranga,Level 7,14~039,325,5,1882,1,684,11,4,0,1,33,0
600378,Reshan Chathuranga,Level 5,893,15,23,35,1,236,17,10,0,5,0,0
600379,T M Miktham,Level 6,3~885,174,11,267,0,301,17,13,0,1,5,0
600380,Kasun Siriwardena,Level 7,10~251,154,206,636,15,3557,129,16,0,162,11,0
600381,Hesh De Silva,Level 4,264,6,1,0,0,6,36,0,0,1,0,0
600382,Tune on String,Level 5,573,46,17,7,0,9,0,0,0,0,2,0
600383,shimal mohamed,Level 4,344,14,18,5,0,144,0,0,0,0,1,0
600384,sg Fashion,Level 4,329,17,3,2,0,69,3,3,0,0,0,0
600385,Ashfak Ifhan,Level 5,1~079,71,38,11,0,106,0,0,2,0,3,0
600386,Shakeeb Shuaib,Level 5,611,13,89,45,0,130,0,1,0,0,1,0
600387,1969ab Sudusingha,Level 6,1~558,99,9,5,0,404,0,0,0,25,2,0
600388,AZEEM MOHAMED,Level 6,2~216,109,28,8,0,904,0,0,0,30,5,0
600389,Zainul Abdeen,Level 5,688,19,13,14,0,370,1,1,0,0,2,0
600390,Buddhika dananjaya,Level 6,2~452,64,8,225,4,406,4,5,0,20,6,0
600391,shan hishan,Level 5,776,40,8,10,0,103,2,8,0,0,15,0
600392,Sandareka Basp,Level 7,11~815,406,1,112,7,3535,256,69,1,597,46,0
600393,vimukthi kd,Level 8,45~421,723,280,5584,208,3240,273,153,0,379,13,0
600394,Mansoor ahamed,Level 7,8~079,90,20,715,4,2067,86,24,0,0,0,0
600395,Amila Dananjaya De Silva,Level 6,2~902,70,38,34,0,1642,12,12,0,13,3,0
600396,nirmal weerasinghe,Level 5,874,40,9,49,1,0,0,2,0,3,0,0
600397,hasini ishara,Level 5,613,32,15,7,0,210,0,0,0,1,0,0
600398,Harshana Jayaratne,Level 5,947,39,36,2,0,393,3,0,0,6,16,0
600399,Olinsing Ausher,Level 6,3~925,99,3,103,2,1945,30,3,0,3,13,0
600400,Azwin Vickneswaran,Level 6,2~796,75,10,209,3,421,36,16,0,24,6,0
600401,Isuru Priyanath,Level 4,483,29,4,0,0,154,0,0,0,3,1,0
600402,Christina Francke,Level 6,2~739,64,35,126,0,1021,3,1,0,87,4,0
600403,mohamed farshad,Level 4,416,19,9,17,0,38,2,3,0,0,0,0
600404,Ameen Hussain,Level 5,764,36,3,36,0,122,5,2,0,2,2,0
600405,Daminda Kavimal,,566,40,11,15,0,10,0,2,0,0,0,0
600406,JAIK,Level 6,2~141,69,12,97,0,725,10,6,0,5,1,0
600407,Chathuranga Kahawatte,Level 7,5~871,265,15,451,0,566,2,2,0,0,5,0
600408,Darshana Anuradha,Level 6,1~922,70,51,41,0,866,0,1,0,0,3,0
600409,Sajith Senevirathna,Level 5,890,51,16,17,0,160,1,0,0,1,4,0
600410,Nithakaran Rajalingam,Level 6,4~367,147,54,466,2,16,0,1,0,2,69,0
600411,Dilshan Anandan,Level 4,324,15,77,0,0,70,0,0,0,0,4,0
600412,Anuradha Wijayakoon,Level 4,304,11,16,1,0,144,0,0,0,2,2,0
600413,anusha Kumarapperuma,Level 6,2~087,101,4,2,0,666,0,0,0,0,2,0
600414,Imesha Samarawickrama,Level 5,831,19,1,39,0,6,26,15,0,5,0,0
600415,Kalpa Wickramasinghe,Level 6,2~435,26,111,385,1,86,1,0,0,0,0,0
600416,Roshan Harsha,Level 5,532,43,12,4,0,18,1,0,0,4,0,0
600417,Nadun,Level 4,420,17,36,0,0,194,0,0,0,0,1,0
600418,Yasiru Shehan,Level 5,758,44,3,0,0,237,0,0,0,1,1,0
600419,Imaz Hameed,Level 5,604,22,16,20,0,0,36,0,0,66,0,0
600420,Dayananda Wanasinghe,,,75,51,98,7,176,0,0,0,1,2,0
600421,Rithik,Level 6,4~064,174,1,25,0,1027,156,1,0,181,4,0
600422,Tamil paavai EYAZH ISSAI,Level 7,9~155,48,45,1653,8,222,3,0,0,2,2,0
600423,prashanthan News,Level 4,381,6,10,15,0,230,0,0,0,0,0,0
600424,JAIK,,2~141,69,12,97,0,725,10,6,0,5,1,0
600425,guna thusy,Level 4,342,15,36,10,0,71,1,1,0,0,0,0
600426,Laa Vasanth,Level 6,1~751,59,17,158,2,187,1,4,0,0,0,0
600427,Lakshan Patrick,Level 4,284,15,10,0,0,106,0,0,0,0,1,0
600428,Dinesh Welagedara,Level 5,764,31,5,15,0,335,1,0,0,0,1,0
600429,K.S. Rajesh,Level 5,589,27,107,18,0,0,4,3,0,0,10,0
600430,Thiagha Rajan,,8~439,205,62,958,3,1214,3,1,0,37,1,0
600431,Damith Withanage,Level 6,3~734,69,59,327,1,1199,12,0,1,0,0,0
600432,Shehan Marasinghe,Level 4,461,5,26,11,0,302,0,0,0,13,0,0
600433,Chandi Gurusinghe,Level 6,4~449,80,96,250,9,1209,134,0,1,123,19,0
600434,Anuradha Gajanayaka,Level 6,2~298,31,129,122,0,906,31,2,0,27,0,0
600435,suranga Edirisinghe,Level 6,2~177,80,121,227,2,21,0,0,0,0,2,0
600436,Suranga Edirisinghe,Level 7,5~332,102,216,746,15,113,0,2,0,0,2,0
600437,byron Cheong,Level 7,9~730,114,37,1670,2,54,1,1,0,1,0,0
600438,Nadeeka Hewamanna,Level 6,3~234,62,74,191,0,1072,37,0,0,13,9,0
600439,Thivantha Harischandra,Level 10,550~113,6193,2397,35429,7185,150500,1261,1873,8,50121,194,18
600440,Leoni TV,Level 6,3~062,91,245,208,0,336,4,20,0,6,35,0
600441,Rasik Fareed Jazaa,Level 5,676,21,20,65,2,56,0,0,0,0,0,0
600442,Varatharajah Vaseekaran,Level 5,1~169,50,31,23,0,351,8,2,0,1,6,0
600443,Thiagha Rajan,Level 7,8~439,205,62,958,3,1214,3,1,0,37,1,0
600444,Benjamin Shawon,Level 6,2~767,55,2,267,21,263,25,1,0,71,5,0
600445,Rahal Wimalasiri,Level 6,2~115,29,92,278,0,266,0,1,0,3,0,0
600446,Varatharajah Vaseekaran,Level 5,1~169,50,31,23,0,351,8,2,0,1,6,0
600447,Benjamin Shawon,Level 6,2~767,55,2,267,21,263,25,1,0,71,5,0
600448,Thiagha Rajan,Level 7,,205,62,958,3,1214,3,1,0,37,1,0
600449,Rasik Fareed Jazaa,,676,21,20,65,2,56,0,0,0,0,0,0
600450,Indika Wijesooriya,Level 6,3~099,108,36,204,0,614,7,4,0,3,3,0
600451,Dilendra Ratnayake,Level 6,2~608,132,38,164,3,71,0,0,0,0,40,0
600452,Kasun Siriwardena,Level 7,10~251,154,206,636,15,3557,129,16,0,162,11,0
600453,Waruna Gamlath,Level 5,1~087,17,54,122,1,219,2,0,0,0,0,0
600454,Dinesh Sharma,Level 5,695,32,12,40,0,91,0,0,0,0,0,0
600455,Mike Walton,Level 6,,229,9,0,0,939,1,0,0,0,2,0
600456,Colin Campbell-Cooper,Level 6,2~571,177,1,114,0,1,0,0,0,0,13,0
600457,Stephanie Wheaton,Level 6,2~696,93,8,130,1,723,1,0,0,2,3,3
600458,Dilmini Perera,Level 4,273,20,3,0,0,0,0,0,0,0,0,0
600459,Mark Carey,Level 4,299,11,26,0,0,107,1,0,0,0,0,0
600460,Nitheesram Rajes,Level 6,3~099,51,37,199,1,863,33,13,2,7,12,0
600461,kabithvajann sarathchanthiran,Level 6,1~553,57,9,148,4,0,0,0,0,18,7,0
600462,Fuzuly Yuzuf,Level 8,25~572,1023,4,1566,9,2645,240,118,2,107,17,0
600463,Ahmed Razzaq,Level 5,509,5,3,0,0,409,0,1,0,18,3,0
600464,Huzni Mohamed,Level 6,1~963,28,2,184,0,317,43,5,0,31,5,0
600465,Thanu Sris,Level 8,38~134,412,168,2733,0,4956,1161,495,0,1523,0,0
600466,Abdul Rahman,Level 7,7~204,169,4,20,0,1395,80,3,0,2803,6,0
600467,Huzni Mohamed,,1~963,28,2,184,0,317,43,5,0,31,5,0
600468,Nitheesram Rajes,Level 6,3~099,51,37,199,1,863,33,13,2,7,12,0
600469,kabithvajann sarathchanthiran,Level 6,1~553,57,9,148,4,0,0,0,0,18,7,0
600470,Praveen C,Level 4,373,26,12,1,0,57,0,0,0,0,1,0
600471,Akila Chamikara,Level 5,515,30,41,28,0,1,0,0,0,0,0,0
600472,Isuru Wimalasundera,Level 6,3~030,107,23,236,0,504,0,1,0,1,9,0
600473,Darshanie Abeyratne,Level 5,585,34,9,4,0,176,0,0,0,0,2,0
600474,Arvind Shan,Level 5,668,23,32,19,0,150,13,4,0,0,0,0
600475,Hifni Nazeer,Level 5,1~096,47,16,8,0,254,7,0,0,0,38,0
600476,S. Arabinth,Level 6,4~131,162,10,373,2,125,5,6,0,3,1,0
600477,Thivantha Harischandra,Level 10,550~113,6193,2397,35429,7185,150500,1261,1873,8,50121,194,18
600478,Sivalakshan Ganeshan,Level 6,1~751,129,9,20,0,198,2,1,0,0,0,0
600479,Maurice Perera,,1~567,77,52,125,1,0,1,1,0,1,5,0
600480,Kankeyan Thurairaja,Level 6,1~748,44,60,48,0,813,13,1,0,29,4,0
600481,Ridha alayad,Level 6,3~054,87,75,291,4,345,2,0,0,10,15,0
600482,Lashane Fernando,Level 4,303,8,0,2,0,165,0,0,0,0,0,0
600483,Bimsara Wickramarathne,Level 6,3~689,231,72,101,7,11,7,17,0,121,10,0
600484,lasanthi Jaya,Level 6,3~272,106,47,287,31,297,0,0,0,2,10,0
600485,Jeremy Thambayah,Level 5,1~223,72,1,21,0,310,0,0,0,0,5,0
600486,Nitheesram Rajes,Level 6,3~099,51,37,199,1,863,33,13,2,7,12,0
600487,Hawana Refai,Level 4,410,12,14,41,0,29,0,2,0,0,0,0
600488,Janitha Medamulla,Level 6,2~543,109,117,210,16,10,3,2,0,0,0,0
600489,Senthu Bala,Level 6,1~680,12,108,194,1,433,0,2,0,0,0,0
600490,Nisha Maheshwaran,Level 4,493,21,24,0,0,223,0,0,0,0,5,0
600491,Darshana Atapattu,Level 4,494,18,8,43,0,49,0,0,0,0,2,0
600492,muditha madusanka,Level 4,372,11,7,12,0,148,0,2,0,0,2,0
600493,Sarath Thenuwara,Level 7,7~610,224,5,836,16,634,0,2,0,5,58,0
600494,Sameera Peiris,Level 7,5~172,328,24,55,1,912,5,11,0,6,10,5
600495,Ahsan Dux,Level 4,252,17,2,0,0,63,0,0,0,0,0,0
600496,Janaka Susantha,Level 4,290,18,3,8,0,49,0,0,0,0,0,0
600497,Vihanga Rajalingam,Level 7,9~683,313,4,860,20,1353,8,4,0,26,17,0
600498,Shaheem Shukry,Level 7,12~621,490,11,518,2,1735,242,31,0,112,81,0
600499,Mohamed Nazahim,Level 5,662,5,37,98,0,68,0,0,0,0,4,0
600500,kirushanth,Level 5,546,12,2,77,0,21,0,0,0,0,0,0
600501,Amalan Dhananjayan,,,129,8,1671,1,430,21,15,1,33,10,2
600502,Yogam Pratheeban,Level 6,1~554,42,35,157,3,0,9,12,0,16,0,0
600503,Dylan Ramanan,Level 4,378,13,0,31,0,0,0,0,0,0,0,0
600504,Manjula Peiris,Level 5,848,28,3,32,0,172,6,3,0,0,0,0
600505,Faye S,Level 5,1~396,91,0,3,0,0,0,0,0,0,0,0
600506,Bankajan Ganthiyalagan,Level 7,6~230,288,9,327,15,633,32,18,0,130,0,1
600507,Li Ha,Level 4,435,35,5,0,0,2,0,0,0,0,1,0
600508,Christopher Oliphant,Level 4,449,34,8,2,0,57,0,0,0,0,0,0
600509,daksh savla,Level 4,378,16,13,0,0,142,2,1,0,0,4,0
600510,Gajanan Hegde,Level 7,9~719,262,43,1237,9,0,49,10,0,35,0,0
600511,Aharon Shmueli,Level 4,300,15,5,25,0,5,0,0,0,0,0,0
600512,Nadeesha Paulis,Level 7,6~863,154,5,568,0,1040,35,19,0,4,0,0
600513,Isuru Wilegoda,Level 7,7~234,86,22,184,3,4168,53,20,0,17,11,0
600514,Zafar Ahmed Zia,Level 6,3~006,4,55,554,3,67,0,0,0,10,12,0
600515,Raizar Moulana,Level 5,1~257,81,214,11,0,97,0,0,0,0,0,0